Framework,crypto_assets,crypto_agility,migration_planning,risk_management,standards_compliance
Post-Quantum Cryptography (PQC) Network Instrument: Measuring PQC Adoption Rates and Identifying Migration Pathways.txt,0.6060606060606061,0.07575757575757576,0.030303030303030304,0.045454545454545456,0.24242424242424243
Quantum Readiness: Unlocking the Quantum Advantage for Australian Industries.txt,0.0,0.0,1.0,0.0,0.0
POST-QUANTUM CRYPTOGRAPHY READINESS IN U.S. COMMUNITY BANKS AND FINANCIAL SMES: A CYBERSECURITY RISK ASSESSMENT FRAMEWORK.txt,0.0196078431372549,0.2549019607843137,0.17647058823529413,0.19607843137254902,0.35294117647058826
Quantum Readiness in Cryptography: A Maturity-Based Framework for Post- Quantum Transition.txt,0.16363636363636364,0.20909090909090908,0.15,0.18636363636363637,0.2909090909090909
QUANTUM COMPUTING IN FINANCE: A STRATEGIC ROADMAP FOR INVESTORS AND BANKS.txt,0.0,0.2222222222222222,0.4444444444444444,0.1111111111111111,0.2222222222222222
QUANTUM-SAFE MIGRATION HANDBOOK.txt,0.09803921568627451,0.43137254901960786,0.1450980392156863,0.19607843137254902,0.12941176470588237
Transitioning organizations to post-quantum cryptography.txt,0.07874015748031496,0.07086614173228346,0.30708661417322836,0.07874015748031496,0.4645669291338583
QUANTUM READINESS INDEX.txt,0.023391812865497075,0.5906432748538012,0.09941520467836257,0.08187134502923976,0.2046783625730994
